{
    "mongodbConnectURI":"mongodb+srv://admin:admin@cluster0.luinmsr.mongodb.net/?retryWrites=true&w=majority",
    "jwtSecret":"meetfoodSecretToken",
    "jwtExpireTime":360000,
    "CognitoRegion": "us-east-1",
    "CognitoToCUserPoolId": "us-east-1_NVPBjMKzp",
    "CognitoTokenUse": "access",
    "CognitoTokenExpiration": 8640000,

    "S3AccessKeyID": "",
    "S3SecretAccessKey": "xxxxxxx",
    "S3ProfilePhotoBucketName": "xxxxxxx",
    "S3CoverImageBucketName": "xxxxxxx",
    "S3VideoBucketName": "xxxxxxx",
    "S3VideoUrlPrefix": "xxxxxxx",
    "S3ProfilePhotoUrlPrefix": "xxxxxxx",
    "S3CoverImageUrlPrefix": "xxxxxxx"
}
